,k,iteration,H,cost,converged,R1,R2
0,0,0,2.302595,-2.3025553,,0.004067838,0.004790665
1,1,50,2.279139,0.5163522,,0.0062090755,0.0041661984
2,1,100,2.1750524,12.5246315,,-0.015360057,0.007619864
3,1,150,2.0553985,6.1119866,,-0.009713054,0.008306882
4,1,200,2.1989055,14.172422,,0.01767534,0.0038741338
5,1,250,2.156708,30.179577,,0.02527821,0.0027816864
6,1,300,2.2558584,7.6922007,,0.013649702,0.0035562343
7,1,350,2.2721949,3.539908,,0.010047734,0.0039096167
8,1,400,2.1650555,15.124131,,0.018045664,0.004487506
9,1,450,2.1399765,11.582269,,0.015829325,0.0048864493
10,1,500,2.2103014,5.554777,,0.01168412,0.0043339273
11,1,550,2.2429092,3.3479984,,0.009170592,0.005264827
12,1,600,2.1462471,7.2378397,,0.012951136,0.0044665225
13,1,650,2.2825758,0.43004942,,0.0047730803,0.0056098313
14,1,700,2.2411556,0.3151939,,0.0047001243,0.00538849
15,1,750,2.3147287,0.084186316,,0.0023101568,0.006530044
16,1,800,2.2434268,0.5761819,,0.0038952827,0.0064201984
17,1,850,2.223143,7.8142037,,0.013040185,0.0055408054
18,1,900,2.2100737,0.45480394,,0.005112171,0.0052118385
19,1,950,2.1057365,5.9315624,,0.011610448,0.005093474
20,1,1000,1.9902805,7.772879,,0.013065696,0.0049548745
21,1,1050,2.0854952,-0.28220332,,0.002429545,0.0054920986
22,1,1100,1.9897991,5.346307,,0.011216164,0.0045738155
23,1,1150,2.0930758,4.0234513,,0.01004678,0.00462523
24,1,1200,2.2789383,1.453222,,0.0062969923,0.0059153265
25,1,1250,2.3086982,0.44756126,,0.005197406,0.00530209
26,1,1300,2.2539847,0.71130896,,0.0054336786,0.005457198
27,1,1350,2.370856,7.0293646,,-0.009608209,0.0097819595
28,1,1400,1.4031596,87.40375,,-0.03956902,0.014506232
29,1,1450,1.5928779,42.588604,,-0.027344048,0.011659016
30,1,1500,2.0022433,21.153841,,-0.019056976,0.009997668
31,1,1550,1.9409223,32.527046,,-0.023598313,0.011509953
32,1,1600,1.9458437,14.305388,,-0.014996529,0.010006436
33,1,1650,0.68704575,3.5136793,,0.0008110404,0.00912999
34,1,1700,0.8193782,2.913014,,-0.0021660328,0.008363979
35,1,1750,0.86674577,6.8570127,,0.009708583,0.0077600633
36,1,1800,0.74074143,3.339774,,-0.00085890293,0.008992919
37,1,1850,0.5447221,4.67146,,0.005599797,0.008542009
38,1,1900,0.45613593,3.7532866,,0.0012639761,0.009087949
39,1,1950,0.77162087,4.909444,,-0.0050209165,0.009402749
40,1,2000,0.53747976,3.92481,,-0.00017225742,0.009445429
41,1,2050,0.6603296,3.3235443,,-0.0008329153,0.008887279
42,1,2100,0.6668544,4.0384393,,0.004347801,0.0086719375
43,1,2150,0.75690687,7.130194,,-0.007965386,0.009710543
44,1,2200,0.8024172,7.374252,,-0.007870674,0.0100789815
45,1,2250,0.62116563,3.620988,,0.0032340288,0.0086246235
46,1,2300,0.5689411,3.6423993,,0.0022217631,0.008904525
47,1,2350,0.58674055,3.5752358,,0.0014075637,0.009014338
48,1,2400,0.5691836,3.8577373,,0.0018796325,0.009219837
49,1,2450,0.7156999,3.268511,,1.9431114e-05,0.008926581
50,1,2500,0.67582774,2.6854784,,0.0010777116,0.008128017
51,1,2550,0.5853133,10.923182,,-0.010819614,0.0106351245
52,1,2600,0.78994524,3.0722246,,-0.0005982518,0.008768437
53,1,2650,0.811718,3.6539783,,0.0025823712,0.009090945
54,1,2700,0.80966806,3.4281797,,0.0037609935,0.008403088
55,1,2750,0.71156555,7.0348206,,0.009532452,0.008003755
56,1,2800,0.92452604,4.8088565,,-0.0050236583,0.0094567705
57,1,2850,0.66846293,3.1572247,,0.0014984012,0.00861792
58,1,2900,0.8726875,4.3209867,,-0.0037636757,0.009471443
59,1,2950,0.5889651,3.406239,,0.0027645826,0.008500657
60,1,3000,0.8641465,2.9750636,,0.00024813414,0.008759146
61,1,3050,0.8656662,5.7134,,-0.006762564,0.009265477
62,1,3100,0.7578065,3.4880874,,0.003794372,0.008397656
63,1,3150,0.6968776,5.8745346,,0.008635521,0.0075402926
64,1,3200,0.70767426,4.816308,,-0.004485786,0.009505649
65,1,3250,0.7478414,5.594475,,-0.005433917,0.0098650325
66,1,3300,0.48279434,4.1294928,,-0.0013519526,0.009508836
67,1,3350,0.59078145,6.0532837,,-0.004721582,0.010516082
68,1,3400,0.610501,3.7833784,,0.002221465,0.009107287
69,1,3450,0.7870715,4.214357,,-0.00179708,0.009838652
70,1,3500,0.7874759,4.05272,,0.004313946,0.008842725
71,1,3550,0.94329405,2.8131795,,0.003465116,0.007944963
72,1,3600,0.839039,3.5309007,,0.004955888,0.007927041
73,1,3650,0.8656878,3.1149635,,0.0037466884,0.008097861
74,1,3700,0.7446471,11.477726,,0.013872266,0.0072116363
75,1,3750,0.92304665,4.7596197,,0.00785321,0.007209745
76,1,3800,0.8438677,8.210933,,0.011405885,0.007141554
77,1,3850,0.91600883,3.0231,,0.004391432,0.0077134627
78,1,3900,1.2809333,17.815096,,-0.017686784,0.008312535
79,1,3950,1.2172855,1.171357,,0.0010836124,0.0068263193
80,1,4000,1.3277298,9.67861,,-0.012160957,0.00849929
81,1,4050,1.2381862,5.8558183,,-0.009191573,0.007575955
82,1,4100,1.3630376,8.387896,,-0.011401057,0.0080644
83,1,4150,1.3339701,25.430088,,-0.0212664,0.009111604
84,1,4200,1.1359351,1.0995693,,0.0015366077,0.0065076053
85,1,4250,1.1698014,2.7708535,,-0.004803121,0.0074661323
86,1,4300,1.312399,7.304531,,-0.010653973,0.0076701664
87,1,4350,1.2664664,4.34293,,-0.0072280765,0.007742276
88,1,4400,1.012008,1.8919842,,-0.0018707514,0.007387837
89,1,4450,1.0662466,2.062498,,-0.0037446618,0.0069679553
90,1,4500,1.0936185,5.3631754,,-0.008639216,0.007382399
91,1,4550,1.1223584,1.9404551,,-0.0023070574,0.0074788877
92,1,4600,1.0701412,3.1726785,,-0.0054159164,0.0074514593
93,1,4650,1.0766096,1.5028446,,-0.0008254647,0.0071349624
94,1,4700,1.1711392,2.4427023,,-0.004068017,0.0074651237
95,1,4750,1.0258325,1.2796272,,0.00026625395,0.0067851534
96,1,4800,1.3435894,7.024324,,-0.010292649,0.007837068
97,1,4850,1.1558305,1.2214729,,-0.0013296008,0.006765961
98,1,4900,1.1985816,1.464579,,-0.0009445548,0.007236783
99,1,4950,1.2734649,0.98953724,,-0.0017327666,0.0065005817
100,1,5000,1.2259603,1.2604058,0,-0.0016524196,0.0068554236
101,2,5050,1.2304587,13.15593,,-0.0014025569,0.0067562843
102,2,5100,1.324253,31.638535,,-0.008941531,0.0072534555
103,2,5150,1.1824229,19.009598,,-0.0039380193,0.0075130495
104,2,5200,1.1714734,21.30125,,0.007314682,0.0065226364
105,2,5250,1.2243409,14.327059,,0.0033521652,0.006784784
106,2,5300,1.1875825,13.576138,,0.0017950535,0.0069473665
107,2,5350,1.48689,69.24594,,-0.016006589,0.0076224045
108,2,5400,1.154906,75.3835,,-0.016682267,0.0079581775
109,2,5450,1.355773,57.08395,,-0.013906896,0.007785836
110,2,5500,1.3320553,110.69556,,-0.021265447,0.007944631
111,2,5550,1.3143494,35.003395,,-0.010322869,0.006618944
112,2,5600,1.2315711,58.33014,,-0.014341414,0.00740868
113,2,5650,1.18959,15.24073,,-0.004555881,0.0060687363
114,2,5700,1.2396538,15.109634,,-0.0045179725,0.0060668173
115,2,5750,1.246654,22.210045,,-0.0069152713,0.0064523155
116,2,5800,1.1663476,25.17611,,-0.007677257,0.0066147866
117,2,5850,1.2127823,16.38896,,-0.0049756765,0.0061650844
118,2,5900,1.1084669,10.235006,,-0.0006966591,0.005940799
119,2,5950,1.2711548,17.383348,,-0.0052862763,0.0062797368
120,2,6000,1.2345537,13.798441,,-0.0028899908,0.00649361
121,2,6050,1.2107162,26.130785,,-0.007979929,0.006615156
122,2,6100,1.1406355,22.603546,,-0.0066519976,0.006766308
123,2,6150,1.2042836,8.326754,,-0.00019270182,0.005385168
124,2,6200,1.1822076,9.972235,,-0.0009261966,0.0058417013
125,2,6250,1.2384124,12.25275,,-0.0032803416,0.005830826
126,2,6300,1.0407798,22.078394,,0.009422839,0.004412198
127,2,6350,1.1307247,8.505685,,7.05719e-05,0.005439652
128,2,6400,1.1803396,14.28495,,-0.0036690831,0.0062717656
129,2,6450,1.1487105,9.026899,,0.0032131672,0.0050792038
130,2,6500,1.1633881,9.946186,,0.0020198226,0.0057744207
131,2,6550,1.1388962,11.000884,,0.004128635,0.0053573316
132,2,6600,1.138234,7.9713435,,0.001461029,0.0051823533
133,2,6650,1.1329862,14.762744,,-0.004040897,0.006207538
134,2,6700,1.3212436,8.914179,,-0.000454247,0.0056027533
135,2,6750,1.1777321,8.781132,,0.00020605326,0.0055565913
136,2,6800,1.2002593,22.85112,,0.009285331,0.004968095
137,2,6850,1.108086,20.377441,,0.008502543,0.005001543
138,2,6900,1.2054436,15.451404,,0.0066839457,0.0051468113
139,2,6950,1.1741873,10.914537,,-0.0026768446,0.0056348713
140,2,7000,1.2151439,10.7112665,,0.0036349893,0.0055221287
141,2,7050,1.3186247,9.040674,,-0.0008840561,0.0055814735
142,2,7100,1.1291713,31.03541,,0.011351168,0.0049411906
143,2,7150,1.308548,8.226913,,0.0024141073,0.0051258267
144,2,7200,1.3315037,7.317273,,0.0026592016,0.004713188
145,2,7250,1.2980951,9.778757,,-0.00022190809,0.0059077567
146,2,7300,1.2097702,10.195049,,0.0040702224,0.0051240935
147,2,7350,1.2115602,7.561904,,0.00017338991,0.005135802
148,2,7400,1.2818702,8.155386,,0.0014196038,0.005306201
149,2,7450,1.2440118,22.207153,,-0.007025659,0.0063501736
150,2,7500,1.3666474,11.462006,,-0.0012951493,0.006306935
151,2,7550,1.224085,8.174269,,-0.00043213367,0.0053136116
152,2,7600,1.2192824,9.830135,,0.00070637465,0.0059195603
153,2,7650,1.2572044,18.884928,,-0.006093085,0.00612758
154,2,7700,1.1890371,10.095833,,0.0019376874,0.005849738
155,2,7750,1.2725657,9.673311,,-0.0003157854,0.005856221
156,2,7800,1.2391399,16.658895,,0.0074043274,0.0048983255
157,2,7850,1.1658913,9.364188,,-0.0011060238,0.005597136
158,2,7900,1.1970077,9.73889,,0.0031404495,0.0053818496
159,2,7950,1.3327758,22.981886,,-0.0070670247,0.0065764356
160,2,8000,1.1730282,11.782613,,-0.0018009543,0.0062223966
161,2,8050,1.3113552,41.570858,,-0.011664152,0.0067513008
162,2,8100,1.1760131,23.276604,,-0.0072141886,0.0064834263
163,2,8150,1.2104269,9.811144,,0.0012475252,0.005870309
164,2,8200,1.2304435,15.822957,,-0.0044291615,0.006343899
165,2,8250,1.1898948,9.65114,,0.003014207,0.005395814
166,2,8300,1.2561334,12.175274,,-0.002748847,0.0060493303
167,2,8350,1.2510024,16.398775,,-0.00443995,0.0065205055
168,2,8400,1.2212098,16.360485,,0.0072603226,0.0049293395
169,2,8450,1.243118,12.278517,,0.004958272,0.0053612827
170,2,8500,1.186068,11.435485,,-0.0019912124,0.006060138
171,2,8550,1.1729432,25.658562,,-0.00741899,0.006999569
172,2,8600,1.1726356,20.239832,,0.008334398,0.0051726094
173,2,8650,1.2187937,9.950129,,-0.0002539754,0.0059351684
174,2,8700,1.257415,9.223841,,0.0025820732,0.0054142443
175,2,8750,1.264086,15.055133,,0.0066904426,0.0050166035
176,2,8800,1.2094798,14.329358,,0.006433189,0.004961527
177,2,8850,1.12612,11.5442705,,0.004071355,0.0055715484
178,2,8900,1.2185913,8.838887,,0.0029760003,0.0051291636
179,2,8950,1.2469734,8.961571,,0.00042241812,0.0056448528
180,2,9000,1.2474272,16.66321,,-0.005062163,0.006203377
181,2,9050,1.1378669,16.402592,,0.0070875883,0.0050877267
182,2,9100,1.2206774,11.048712,,-0.0019556284,0.0059571285
183,2,9150,1.2123948,9.171452,,0.0026395917,0.0053621563
184,2,9200,1.2796832,8.469929,,0.00015324354,0.005482566
185,2,9250,1.250628,9.539062,,0.002635777,0.0055052945
186,2,9300,1.2259289,13.291561,,0.0063253045,0.004669036
187,2,9350,1.2871675,9.265027,,-0.00047951937,0.0057072057
188,2,9400,1.2622279,8.056781,,0.000713706,0.005329768
189,2,9450,1.2645621,9.825354,,-0.0016492009,0.0056552985
190,2,9500,1.1725945,9.306028,,0.002679646,0.0053828945
191,2,9550,1.3200792,8.646637,,-0.0010605454,0.0054114438
192,2,9600,1.1999476,9.838007,,0.0025054812,0.005629147
193,2,9650,1.2952511,10.558535,,0.004463911,0.0050661042
194,2,9700,1.2564435,9.695177,,0.00078606606,0.0058839703
195,2,9750,1.1232514,8.902229,,0.00012624264,0.0055767596
196,2,9800,1.1273432,98.14259,,0.022090852,0.0037205662
197,2,9850,1.267063,14.774426,,0.0068745017,0.004733295
198,2,9900,1.3993722,9.422088,,0.0034146905,0.0052291793
199,2,9950,1.2094036,17.935848,,0.007767737,0.0049752104
200,2,10000,1.2890521,12.316142,0,-0.0028836727,0.0060492097
201,3,10050,1.2646575,39.256325,,-3.7550926e-05,0.005431784
202,3,10100,1.2677356,66.48955,,-0.0041251183,0.006099556
203,3,10150,1.3411466,36.13645,,0.002665937,0.0049802777
204,3,10200,1.269304,42.482544,,-0.00088071823,0.0055578304
205,3,10250,1.1620264,48.2046,,0.005596578,0.00464547
206,3,10300,1.2198671,41.963894,,0.0024576783,0.005526315
207,3,10350,1.1860588,37.772903,,-1.513958e-05,0.005300787
208,3,10400,1.1883705,52.338104,,-0.0019190907,0.0060484987
209,3,10450,1.2588588,92.72004,,0.009827137,0.0044519263
210,3,10500,1.2304065,43.671394,,-0.00089001656,0.005650979
211,3,10550,1.1934805,42.56247,,0.0036936402,0.005194154
212,3,10600,0.8885719,499.0449,,0.025342882,0.003369288
213,3,10650,1.1391023,58.735443,,-0.0029987693,0.0061012483
214,3,10700,1.0142729,35.27874,,0.0018640757,0.0050399774
215,3,10750,0.9116415,39.94137,,0.0009307265,0.0055091185
216,3,10800,0.9762804,47.37854,,0.004157841,0.005392459
217,3,10850,1.0075867,43.462227,,-0.00092852116,0.0056064934
218,3,10900,0.58660245,479.3025,,0.0246104,0.004265977
219,3,10950,0.624034,372.09705,,0.021358192,0.0050379275
220,3,11000,0.70298326,70.38034,,0.0053254366,0.00660551
221,3,11050,0.66231656,64.09285,,0.0042803288,0.0066292374
222,3,11100,0.68130654,56.816124,,0.0015197992,0.0067674937
223,3,11150,0.63274294,190.42776,,-0.010368526,0.008921762
224,3,11200,0.728705,72.36862,,-0.00038301945,0.0077731493
225,3,11250,0.74233824,114.41381,,-0.005513966,0.008462059
226,3,11300,0.7326241,153.73776,,-0.00856936,0.008513658
227,3,11350,0.72914946,87.09372,,-0.0036651492,0.0077582155
228,3,11400,0.74471223,87.37463,,0.0071142316,0.0067212475
229,3,11450,0.697691,121.44725,,-0.006683111,0.008097531
230,3,11500,0.6651344,64.610275,,-0.00029742718,0.007266953
231,3,11550,0.7843901,120.20904,,-0.0068473816,0.0078996895
232,3,11600,0.68854815,99.05416,,-0.0048130155,0.007925647
233,3,11650,0.56565845,268.7506,,0.017633617,0.00571002
234,3,11700,0.5736268,643.1662,,0.02870214,0.0037108534
235,3,11750,0.9043903,67.43683,,-0.0030431151,0.0067146546
236,3,11800,0.82735735,90.08555,,-0.0044595003,0.007555
237,3,11850,0.8639715,54.5689,,0.0034024715,0.0062500485
238,3,11900,0.8333962,66.021774,,0.0055758357,0.006148531
239,3,11950,0.8455452,60.5894,,0.0041227937,0.0064472486
240,3,12000,0.86178976,47.38984,,0.0018916726,0.0060355044
241,3,12050,0.8178493,61.024075,,-0.0006312132,0.0069828015
242,3,12100,0.9463007,44.82897,,0.0016499162,0.005868404
243,3,12150,0.8232975,66.29573,,0.0066332817,0.0054483586
244,3,12200,0.9925739,51.802486,,0.0038092136,0.005903299
245,3,12250,0.991307,52.814896,,-0.0020076632,0.006039472
246,3,12300,-0.02730253,2392.033,,0.05535674,0.0026039318
247,3,12350,-1.1139308,3339.9644,,0.065157235,0.004325713
248,3,12400,-0.6104019,2404.9353,,0.05530435,0.0045218053
249,3,12450,-1.4994462,3569.5063,,0.06736511,0.0041223313
250,3,12500,-1.2795126,3176.9856,,0.06358665,0.0039712507
251,3,12550,-1.1549414,2614.9773,,0.057799757,0.0031098858
252,3,12600,-0.29208452,1011.7213,,0.036282957,0.001436886
253,3,12650,0.01929273,4447.743,,-0.07207215,0.013879235
254,3,12700,0.09617689,59.32083,,0.006887555,0.0045363307
255,3,12750,0.15543889,176.76616,,-0.011650324,0.006424892
256,3,12800,0.21005929,59.98406,,-0.004354775,0.005330189
257,3,12850,0.096255496,48.922325,,0.0044573545,0.00530625
258,3,12900,0.16508895,69.299965,,0.006745279,0.005557096
259,3,12950,0.3061832,41.357548,,0.004958153,0.0043390365
260,3,13000,0.121474944,47.80772,,-0.0033529997,0.0049082055
261,3,13050,0.3955709,58.132317,,0.0014426112,0.006846912
262,3,13100,0.56441665,50.10964,,0.0031349063,0.0059617045
263,3,13150,0.4717178,66.48994,,2.4497509e-05,0.0074138273
264,3,13200,0.55709857,55.922813,,0.0040946603,0.0060810675
265,3,13250,0.45781586,82.404854,,-0.0046180487,0.006913961
266,3,13300,0.45989272,72.5763,,-0.0027278662,0.007176469
267,3,13350,0.3914408,63.706688,,-0.0019133687,0.0068384297
268,3,13400,0.36134505,59.919624,,-0.0020909905,0.006503094
269,3,13450,0.48716277,50.630157,,-0.0015407205,0.0059807044
270,3,13500,0.51217616,98.198944,,-0.006068647,0.007021572
271,3,13550,0.49221137,55.15941,,0.0031727552,0.0063353837
272,3,13600,0.52055097,49.00127,,0.0030197501,0.005903192
273,3,13650,0.334944,41.335457,,0.0022907257,0.0054337275
274,3,13700,0.44758248,73.33807,,0.007571876,0.0052109277
275,3,13750,0.33988753,53.73561,,-0.0016866922,0.0061669885
276,3,13800,0.4363301,41.9121,,-0.0007312298,0.0054728743
277,3,13850,0.19508114,1242.4973,,-0.03629893,0.011463894
278,3,13900,0.15419216,1324.7809,,-0.037728906,0.011260494
279,3,13950,0.11742913,621.0102,,-0.02486831,0.009047891
280,3,14000,0.012506118,58.231133,,0.0021692514,0.0067449254
281,3,14050,0.16290686,64.2462,,0.0066907406,0.005168446
282,3,14100,0.34830177,42.284172,,0.0011911392,0.0056488197
283,3,14150,0.3255819,41.131573,,-0.00088095665,0.005364011
284,3,14200,0.17701714,47.09268,,0.0031707883,0.005676746
285,3,14250,0.045575913,103.43464,,0.00934118,0.005885924
286,3,14300,0.22420384,38.71017,,0.0029164553,0.0050403713
287,3,14350,0.10506467,66.927734,,0.007119119,0.005031378
288,3,14400,0.21104276,181.57549,,0.015103281,0.003330546
289,3,14450,0.1672625,36.538086,,-0.0011355281,0.0048773745
290,3,14500,0.24727775,53.314842,,-0.002795279,0.005694542
291,3,14550,0.5398565,541.3488,,-0.023391366,0.007827209
292,3,14600,0.23994848,354.6743,,-0.017591476,0.00849723
293,3,14650,0.42607772,85.10336,,-0.004772246,0.0070056035
294,3,14700,0.4314789,56.43701,,0.0022123456,0.0066385414
295,3,14750,0.4583746,684.6029,,-0.02675575,0.008065192
296,3,14800,0.34446922,100.13035,,-0.0061662197,0.007068868
297,3,14850,0.32987326,56.831352,,-0.0005145669,0.0066676666
298,3,14900,0.3155608,46.11239,,-0.00016349554,0.0059017637
299,3,14950,0.38008496,58.52314,,-0.0014921427,0.006586219
300,3,15000,0.56929964,44.34414,0,-0.0008059144,0.0056704367
301,4,15050,0.34238473,134.90701,,0.0014751554,0.004798866
302,4,15100,0.49845713,404.81754,,0.010165989,0.004031876
303,4,15150,0.33205673,1154.8967,,-0.016616821,0.0067555644
304,4,15200,0.27627736,234.56366,,-0.00040376186,0.006844543
305,4,15250,0.21180533,201.28839,,0.0014987588,0.006194406
306,4,15300,0.27912247,182.82294,,-0.0017027855,0.0056173527
307,4,15350,0.19310938,160.69518,,0.0009610653,0.005429178
308,4,15400,0.091768764,210.4537,,-0.0026044846,0.005876015
309,4,15450,0.04366314,176.73175,,-0.0013321638,0.005580683
310,4,15500,-0.1784051,390.45993,,-0.00742805,0.0061192587
311,4,15550,-0.06963899,173.38733,,0.004304707,0.0046363506
312,4,15600,-0.20635857,280.19052,,0.0073335767,0.004678356
313,4,15650,-0.06563228,209.81537,,0.005729735,0.004500919
314,4,15700,0.057557724,240.77917,,-0.0044236183,0.005560994
315,4,15750,0.04944613,189.81404,,0.0036460161,0.0053519397
316,4,15800,0.07306658,179.27629,,0.0043477416,0.0047536334
317,4,15850,-0.14643325,284.00732,,0.0076138973,0.004465989
318,4,15900,0.15142347,497.86945,,-0.009705007,0.005657285
319,4,15950,-0.0398322,173.64478,,0.003939092,0.004847483
320,4,16000,-0.07618913,152.51562,,0.002123177,0.0050600003
321,4,16050,-0.12648326,140.51315,,0.0026533604,0.004625124
322,4,16100,-0.06975005,121.98358,,0.001203239,0.0045199436
323,4,16150,-0.21490014,148.23195,,0.0011516213,0.005131997
324,4,16200,-0.070521615,608.6963,,-0.011329949,0.0055947937
325,4,16250,-0.26011917,136.84686,,4.029274e-05,0.0049041975
326,4,16300,-0.17008053,167.0228,,-0.0015109181,0.0053254613
327,4,16350,-0.27920163,249.26152,,-0.0050380826,0.0053040734
328,4,16400,-0.31393945,257.486,,0.007853746,0.0034550736
329,4,16450,-0.2009593,111.389465,,-0.00015437603,0.004279222
330,4,16500,-0.11850366,567.56146,,-0.011129618,0.0050259037
331,4,16550,-0.3603926,1819.219,,-0.021312535,0.008118125
332,4,16600,-0.6692322,608.51465,,0.009279788,0.008822003
333,4,16650,-0.6854078,449.81046,,-0.0040739775,0.009235172
334,4,16700,-0.61782897,682.04553,,-0.0076912045,0.01039124
335,4,16750,-0.44187778,504.7077,,-0.0046253204,0.009760829
336,4,16800,-0.5283669,346.90012,,0.0033830404,0.008254671
337,4,16850,-0.23028803,593.1139,,-0.009341657,0.007793397
338,4,16900,0.62323606,684.4457,,-0.010697246,0.007821128
339,4,16950,0.59218925,534.17725,,0.011519015,0.0049846526
340,4,17000,1.648504,197.94089,,-0.0040197372,0.004920523
341,4,17050,0.5164389,1505.3877,,0.021919787,0.0015037324
342,4,17100,0.66112363,66.595505,,-0.0014206171,0.002729943
343,4,17150,0.6536672,96.68175,,-0.002114296,0.0033739838
344,4,17200,0.80259997,62.66073,,-0.00072801113,0.002822617
345,4,17250,0.7828569,66.267426,,0.0024781823,0.0026196246
346,4,17300,0.84340316,57.000328,,0.0018914938,0.0025312426
347,4,17350,0.90438455,80.5031,,0.004511714,0.0016160371
348,4,17400,1.0290593,44.895325,,0.0015645027,0.0021959194
349,4,17450,0.8921707,86.52167,,0.0044851303,0.0019020262
350,4,17500,1.0423856,64.920784,,0.0028373003,0.002397946
351,4,17550,0.672706,304.3068,,0.009418726,0.0023269895
352,4,17600,0.6133614,66.15114,,0.0029671192,0.0023515057
353,4,17650,0.6037353,73.95079,,-0.000677228,0.0031872215
354,4,17700,0.8201339,93.67267,,0.0028823614,0.0033116913
355,4,17750,0.536454,267.21973,,0.008864522,0.0020896643
356,4,17800,0.66290927,164.48778,,-0.004351914,0.00381944
357,4,17850,0.55896616,92.91023,,-0.0009775162,0.00367192
358,4,17900,0.55440706,926.5926,,-0.015273511,0.0049982998
359,4,17950,0.7944382,602.49884,,-0.011982083,0.0043272427
360,4,18000,-0.55503523,6792.995,,0.046372354,0.0017930052
361,4,18050,-0.42855301,5243.924,,0.040804684,0.0013296687
362,4,18100,-0.5338156,4273.3267,,0.036865532,0.0012354112
363,4,18150,-0.24101734,2058.0757,,0.02567166,0.0010269727
364,4,18200,-0.3605584,1030.4363,,0.0180915,0.0016975483
365,4,18250,-0.1770769,100.22775,,0.004039526,0.0027727904
366,4,18300,-0.17525184,176.43793,,0.006446779,0.0028296672
367,4,18350,-0.1481803,130.53534,,0.0035715103,0.0039727357
368,4,18400,-0.13660546,90.26994,,0.0004979968,0.003749209
369,4,18450,-0.2924122,113.63852,,-0.0012235045,0.004142621
370,4,18500,-0.070389636,166.1907,,-0.0035195947,0.004443619
371,4,18550,-0.20851061,79.551254,,0.00022828579,0.0034403452
372,4,18600,-0.31098077,120.43253,,0.0044355392,0.003107173
373,4,18650,-0.3092472,84.442535,,-0.0011020303,0.0033697337
374,4,18700,-0.30195528,190.02647,,0.0066859126,0.0029610987
375,4,18750,-0.37494698,80.753845,,0.0021702647,0.0031763618
376,4,18800,-0.27414262,85.75141,,-0.00083345175,0.0034784954
377,4,18850,-0.20414834,1006.5453,,-0.015782177,0.005591315
378,4,18900,-0.010573926,424.24146,,-0.0064113736,0.0075767287
379,4,18950,-0.38517043,247.8165,,0.002372861,0.0068861973
380,4,19000,-0.06042571,213.86617,,0.0036450028,0.005850894
381,4,19050,-0.1834806,222.76715,,8.636713e-05,0.006655294
382,4,19100,-0.6739851,1396.7319,,-0.016362607,0.010699478
383,4,19150,-0.8707248,419.80258,,-0.002757609,0.009263436
384,4,19200,-0.9411294,864.18176,,0.013768673,0.007845493
385,4,19250,-1.0215974,576.40283,,0.009455025,0.008183633
386,4,19300,-1.1006944,375.06403,,0.0063053966,0.0073635583
387,4,19350,-1.062941,252.21362,,0.0018727779,0.0070484206
388,4,19400,-1.0520195,439.16797,,0.007724583,0.0074330787
389,4,19450,-1.0763732,254.07185,,-0.0022312999,0.006808365
390,4,19500,-1.1710081,325.72943,,-0.003828168,0.0074390476
391,4,19550,-1.3432715,305.61655,,-0.0018537045,0.0077801202
392,4,19600,-1.0794928,562.48645,,-0.009122491,0.007499602
393,4,19650,-1.242195,287.72668,,-0.0036397576,0.0068683233
394,4,19700,-1.0370224,193.77296,,-0.0019481778,0.005743595
395,4,19750,-1.0173416,346.23407,,-0.0055960417,0.006793412
396,4,19800,-1.2261117,315.1175,,-0.0049080253,0.006677566
397,4,19850,-1.1066942,196.54533,,-3.2663345e-05,0.0061388123
398,4,19900,-1.1465844,234.64584,,-0.0003963709,0.0068212464
399,4,19950,-1.0230258,204.84842,,0.0017094016,0.0062081357
400,4,20000,-0.9763966,393.27737,0,-0.006600976,0.0068870615
401,5,20050,-0.8582022,777.5862,,2.95043e-05,0.005902735
402,5,20100,-0.6493773,650.4449,,0.006212473,0.0040290407
403,5,20150,-0.6486165,456.93973,,0.00059711933,0.0042996495
404,5,20200,-0.77976173,1592.7562,,-0.0071493387,0.005085109
405,5,20250,-0.9724576,1016.4789,,0.00870353,0.004040581
406,5,20300,-1.0481514,3913.7705,,-0.012919426,0.0077184704
407,5,20350,-0.9622549,1836.5946,,0.002934277,0.010046313
408,5,20400,-0.800397,1924.6023,,0.00575161,0.009727296
409,5,20450,-0.6226576,2104.941,,0.007359326,0.009670895
410,5,20500,-0.5546185,1745.6909,,0.0020916462,0.0098076295
411,5,20550,-0.32488996,1500.4567,,0.00038921833,0.008903844
412,5,20600,-2.2406924,12548.899,,0.028818905,0.013786774
413,5,20650,-2.398348,4408.9224,,-0.00477618,0.015396276
414,5,20700,-2.8320239,6626.3735,,0.015982807,0.015770582
415,5,20750,-4.730951,31910.475,,0.048250616,0.016198887
416,5,20800,-5.834405,6780.184,,0.011524558,0.018817872
417,5,20850,-6.152311,6204.084,,0.00715065,0.019319229
418,5,20900,-6.31499,5921.1675,,0.0038428903,0.019380888
419,5,20950,-6.4293714,6868.25,,0.011136889,0.01915446
420,5,21000,-6.3938646,7517.961,,0.012449622,0.019718364
421,5,21050,-6.2452455,6519.336,,0.008449256,0.01952539
422,5,21100,-6.3384566,6508.6685,,0.010115325,0.018920068
423,5,21150,-6.1680007,6257.87,,0.008176088,0.019134335
424,5,21200,-6.0847487,10285.874,,-0.016491234,0.019670026
425,5,21250,-6.0141945,5708.124,,0.0027028918,0.019073928
426,5,21300,-5.891407,7881.278,,0.01602155,0.018285379
427,5,21350,-6.418629,5626.6514,,0.002450645,0.01893288
428,5,21400,-6.767423,5950.2817,,0.005463004,0.019214336
429,5,21450,-6.8741593,5960.1553,,0.0025407076,0.01953677
430,5,21500,-6.396763,8570.011,,0.016726494,0.019079268
431,5,21550,-6.5096593,7241.628,,0.013056576,0.018905895
432,5,21600,-7.767164,11304.41,,0.022497177,0.019252285
433,5,21650,-6.060587,38088.156,,0.05266267,0.017580785
434,5,21700,-6.2623143,54740.832,,0.064157546,0.017540846
435,5,21750,-6.6490703,74465.54,,0.07538438,0.017884625
436,5,21800,-6.7002983,72773.72,,0.07449269,0.017843297
437,5,21850,-6.530554,63320.453,,0.06931108,0.017553141
438,5,21900,-6.150933,46214.383,,0.058518052,0.017690884
439,5,21950,-6.3439207,50837.297,,0.061721385,0.017366655
440,5,22000,-5.6694484,43454.39,,0.05686879,0.016893975
441,5,22050,-4.6150165,26243.977,,0.04375744,0.014931541
442,5,22100,-7.3861694,33056.164,,0.04832065,0.018325867
443,5,22150,-11.416448,70504.08,,0.07286763,0.019196996
444,5,22200,-11.651543,79554.04,,0.07781422,0.01870003
445,5,22250,-11.66353,82289.61,,0.07902557,0.019358942
446,5,22300,-11.319566,53824.99,,0.06298798,0.019302808
447,5,22350,-11.829597,68541.73,,0.071752906,0.01928945
448,5,22400,-11.468073,62191.723,,0.0678972,0.019951126
449,5,22450,-11.582791,46712.336,,0.058347285,0.019095331
450,5,22500,-11.560105,57095.887,,0.0649873,0.019457193
451,5,22550,-11.55156,41628.438,,0.054151,0.020464757
452,5,22600,-11.653635,52695.13,,0.06212467,0.019687489
453,5,22650,-11.375928,35124.496,,0.049367428,0.019800136
454,5,22700,-11.906341,37293.027,,0.050842524,0.020399423
455,5,22750,-11.232754,51431.355,,0.061172843,0.02003481
456,5,22800,-11.09651,28416.13,,0.04333031,0.02012509
457,5,22850,-11.323313,33130.47,,0.04760343,0.020005915
458,5,22900,-11.200522,21521.262,,0.036013067,0.020486457
459,5,22950,-11.963446,25827.336,,0.040242434,0.021109639
460,5,23000,-11.793135,32767.717,,0.04718411,0.02022775
461,5,23050,-11.020966,37380.043,,0.051201105,0.019760499
462,5,23100,-11.568047,31046.39,,0.045307457,0.020941835
463,5,23150,-11.842598,46088.297,,0.05732888,0.020580731
464,5,23200,-11.782102,30306.193,,0.04482174,0.020598544
465,5,23250,-11.222285,27446.887,,0.04209256,0.020692695
466,5,23300,-11.555298,34069.5,,0.048465133,0.019860884
467,5,23350,-11.158313,21927.314,,0.036324203,0.020712577
468,5,23400,-11.047822,21462.53,,0.035761952,0.020761793
469,5,23450,-11.230866,17078.434,,0.030464113,0.02053788
470,5,23500,-10.9766245,37500.324,,0.051203966,0.019967139
471,5,23550,-11.00784,17305.156,,0.030457497,0.020932725
472,5,23600,-11.122627,24225.656,,0.038734853,0.020866297
473,5,23650,-10.553629,11411.39,,0.020712018,0.021021312
474,5,23700,-10.483546,7530.9746,,0.006556034,0.021726573
475,5,23750,-11.031935,10438.433,,0.018236876,0.021271504
476,5,23800,-11.030134,18735.13,,0.03246534,0.02076811
477,5,23850,-11.51763,9647.562,,0.015402377,0.021768874
478,5,23900,-11.268844,11602.869,,0.020603418,0.021427125
479,5,23950,-10.761774,13988.472,,0.025926113,0.020507727
480,5,24000,-10.775005,8626.5,,0.013234556,0.021236615
481,5,24050,-10.956152,15332.879,,0.027298331,0.021303926
482,5,24100,-10.771982,13930.446,,0.02615422,0.020161228
483,5,24150,-10.390987,9485.187,,0.015445173,0.0214799
484,5,24200,-10.541867,9307.955,,0.016232014,0.020706508
485,5,24250,-10.082529,7818.2095,,0.010644853,0.021015206
486,5,24300,-10.291875,6969.179,,0.0034385324,0.021227263
487,5,24350,-10.050501,14965.239,,0.027575552,0.02037295
488,5,24400,-10.956487,7991.2056,,0.010947406,0.021186344
489,5,24450,-10.20119,7970.5146,,0.009467244,0.02168297
490,5,24500,-10.415401,7760.626,,0.0104007125,0.02100999
491,5,24550,-9.828101,8001.9775,,0.011749923,0.020874802
492,5,24600,-9.767949,8823.07,,0.013454735,0.02145601
493,5,24650,-9.417354,7211.8623,,0.003557086,0.021621265
494,5,24700,-10.173047,7772.139,,0.009812057,0.021240536
495,5,24750,-10.114065,9412.768,,0.016161561,0.020929344
496,5,24800,-8.336235,14952.255,,-0.023008227,0.021515766
497,5,24850,-8.483522,20157.473,,-0.03011638,0.021602469
498,5,24900,-8.321687,7829.8623,,-0.009442806,0.020020323
499,5,24950,-8.576603,17964.611,,-0.027466536,0.021403039
500,5,25000,-8.817268,19232.678,0,-0.029224038,0.021259733
501,6,25050,-8.423304,30129.037,,0.0077044964,0.020263307
502,6,25100,-8.255404,32329.967,,0.01608169,0.01975068
503,6,25150,-7.893522,33952.797,,0.019518852,0.019009389
504,6,25200,-7.724788,37723.574,,-0.0061268806,0.019406145
505,6,25250,-7.7864933,33688.785,,0.015779018,0.020358426
506,6,25300,-7.8499236,39720.785,,0.022800684,0.01949908
507,6,25350,-7.3553233,29618.135,,0.015242159,0.018964594
508,6,25400,-6.8879027,30733.129,,0.01775521,0.01851312
509,6,25450,-6.5775437,32342.861,,0.02054441,0.0178439
510,6,25500,-6.778275,26466.387,,0.011739016,0.01853221
511,6,25550,-5.999569,25998.309,,0.012863159,0.01813189
512,6,25600,-5.9596972,23034.246,,0.0062951446,0.017417284
513,6,25650,-5.369873,24086.836,,0.013861656,0.017098194
514,6,25700,-4.764622,26191.17,,-0.00047963858,0.017334504
515,6,25750,-6.6900005,30315.426,,0.0013091564,0.019530974
516,6,25800,-6.2833753,19328.094,,0.00671947,0.015831081
517,6,25850,-6.4531736,48605.45,,-0.018532097,0.012927291
518,6,25900,-6.603751,23255.133,,-0.0016568899,0.015584606
519,6,25950,-6.8111973,22274.97,,0.00030571222,0.01590624
520,6,26000,-6.2150335,18142.396,,0.0151565075,0.013976009
521,6,26050,-6.512272,18293.787,,0.013745427,0.014519932
522,6,26100,-6.138181,27388.586,,-0.0058567524,0.0152115645
523,6,26150,-5.8862267,106761.2,,0.053658605,0.002578325
524,6,26200,-5.9098535,34794.32,,0.034012675,0.0032888525
525,6,26250,-6.016002,3959.0698,,0.012372851,0.00638896
526,6,26300,-6.1993256,8343.164,,0.019184053,0.005374813
527,6,26350,-6.0198045,3198.5632,,0.0063844323,0.0065802177
528,6,26400,-5.808064,2564.9338,,0.009503722,0.0060204235
529,6,26450,-6.1598077,2901.4194,,0.007550895,0.0064186533
530,6,26500,-5.7743487,2854.1118,,0.007340491,0.0063761636
531,6,26550,-5.7461243,2782.2478,,0.00816083,0.006318271
532,6,26600,-5.781536,2358.9214,,0.010078549,0.0057490557
533,6,26650,-5.8864136,3816.3389,,0.015043616,0.0048827603
534,6,26700,-5.6461735,6922.938,,-0.0010889769,0.0064418507
535,6,26750,-5.9537597,3947.2183,,0.0035491586,0.006534933
536,6,26800,-6.0431404,3683.526,,0.003631711,0.0063535054
537,6,26850,-6.2124987,4454.206,,0.01519078,0.005350919
538,6,26900,-6.192631,5217.889,,0.0016435385,0.006742643
539,6,26950,-6.274414,7536.4795,,-0.0008160472,0.007103329
540,6,27000,-5.9739223,5924.543,,0.0010312796,0.006976887
541,6,27050,-6.318534,3646.5857,,0.004858792,0.00667103
542,6,27100,-5.996106,6241.1826,,0.0006456375,0.007010243
543,6,27150,-5.9689426,2596.6372,,0.010541916,0.005845998
544,6,27200,-5.8714027,2339.692,,0.008471131,0.0059430697
545,6,27250,-6.1758156,3277.0957,,0.011711061,0.006073376
546,6,27300,-6.088888,2909.3643,,0.012187064,0.005595384
547,6,27350,-5.910696,2505.1016,,0.011259079,0.0055732275
548,6,27400,-5.8207746,3337.7046,,0.014129102,0.0050291414
549,6,27450,-5.8332644,1616.3735,,0.010399222,0.005033685
550,6,27500,-5.9301534,5854.4893,,0.017860532,0.004443294
551,6,27550,-6.1291943,2312.5737,,0.006248355,0.0058476967
552,6,27600,-5.5987477,1343.0322,,0.0109303,0.0046394947
553,6,27650,-5.761657,1743.589,,0.006108284,0.00534402
554,6,27700,-5.3993506,1192.1865,,0.01088655,0.0045118392
555,6,27750,-5.205507,1964.376,,0.014159322,0.003699665
556,6,27800,-5.9399853,1909.5854,,0.012373626,0.0046289223
557,6,27850,-5.1329775,7228.8994,,0.020438373,0.0027556377
558,6,27900,-5.2632294,5763.5415,,-0.00061029196,0.0058417534
559,6,27950,-5.3996515,3091.337,,0.0022601485,0.005296315
560,6,28000,-5.877432,2705.479,,0.012557328,0.005267594
561,6,28050,-5.3724794,1859.8257,,0.012649536,0.0044563636
562,6,28100,-5.742704,3799.1377,,0.015451014,0.004578522
563,6,28150,-5.312184,786.83936,,0.011810422,0.0037839608
564,6,28200,-4.5915723,42.03174,,0.00941366,0.003743187
565,6,28250,-4.333121,1955.4543,,0.008793831,0.0055972
566,6,28300,-4.481558,1521.0786,,0.0101946,0.004997376
567,6,28350,-4.7599297,598.7539,,0.008604765,0.004393419
568,6,28400,-4.9745226,4286.704,,0.017314553,0.0034304848
569,6,28450,-5.450984,918.7539,,0.007770896,0.004728028
570,6,28500,-4.7172604,15576.849,,-0.006113529,0.008504804
571,6,28550,-2.360414,222304.78,,-0.05525422,0.01575567
572,6,28600,-2.8638601,126176.66,,-0.038879573,0.013755352
573,6,28650,-3.792406,4714.2856,,0.0067453384,0.0077505675
574,6,28700,-4.229277,6068.282,,0.0049847364,0.008459979
575,6,28750,-4.2549505,10556.931,,0.020643055,0.0057151034
576,6,28800,-5.0117936,11295.729,,0.020653963,0.0063100965
577,6,28850,-4.742589,30805.146,,0.031831026,0.0048943087
578,6,28900,-4.592316,11567.269,,0.020567596,0.006615691
579,6,28950,-4.9666505,12320.005,,0.020339072,0.0074117496
580,6,29000,-5.2554607,6815.489,,0.012848854,0.0083241975
581,6,29050,-4.8658543,8744.79,,0.016940355,0.0075703436
582,6,29100,-6.6245008,22579.617,,0.027959943,0.005385422
583,6,29150,-7.0725865,30396.38,,0.031481147,0.005291468
584,6,29200,-7.1986403,14355.143,,0.022957504,0.006099982
585,6,29250,-6.6390004,8901.3545,,0.01916194,0.005870976
586,6,29300,-6.940922,18533.55,,0.02588427,0.005411342
587,6,29350,-6.817839,10811.8,,0.020303905,0.0062866183
588,6,29400,-6.630675,3338.1367,,0.00987637,0.0065808534
589,6,29450,-7.0703945,9392.22,,0.01948899,0.0059560253
590,6,29500,-6.7610645,8159.2744,,0.018965483,0.0054347385
591,6,29550,-7.1265416,4393.694,,0.013315797,0.0063418825
592,6,29600,-7.4075866,11822.927,,0.02143532,0.0058694514
593,6,29650,-7.146206,20523.223,,0.027261257,0.004819474
594,6,29700,-7.0495424,3302.6226,,0.010883272,0.006337015
595,6,29750,-7.034539,3423.594,,0.009212613,0.00674257
596,6,29800,-7.774717,3696.538,,0.010327041,0.0067743096
597,6,29850,-7.397007,3632.3613,,0.010625124,0.006660063
598,6,29900,-6.9185405,3906.6213,,0.004529178,0.0067923553
599,6,29950,-7.323612,3102.9753,,0.0097180605,0.00642087
600,6,30000,-6.822041,2554.256,0,0.0059756637,0.0060095205
